{"resources": [{"data": {"life": 23934.704360478776, "r0": 16.930895002558206, "I": 119.47528992071786, "rep": 0.69196542442224862, "S": 174339.0670802911, "durationofI": 8.1100568299713913, "phase": 0.025996973011188994, "amp": 0.29948279475768091, "E": 482.48854037571152, "durationofE": 5.3872041956632088}, "name": "values"}, {"data": {"life": {"life": 0.02}, "E": {"E": 0.02}, "I": {"I": 0.02}, "rep": {"rep": 0.02}, "S": {"S": 0.02}, "durationofI": {"durationofI": 0.02}, "amp": {"amp": 0.02}, "phase": {"phase": 0.02}, "r0": {"r0": 0.02}, "durationofE": {"durationofE": 0.02}}, "name": "covariance"}]}