{"resources":[{"data":{"rep":0.69176381896444916,"life":24059.833468770987,"r0":17.042339003575837,"S":165874.04450352021,"I":123.1603316726291,"durationofI":8.1066128779424993,"phase":0.026651681792093949,"amp":0.29949574374534366,"E":483.35525373354955,"durationofE":5.4343191036638316},"name":"values"},{"data":{"r0":{"r0":0.02},"rep":{"rep":0.02},"life":{"life":0.02},"E":{"E":0.02},"S":{"S":0.02},"I":{"I":0.02},"durationofI":{"durationofI":0.02},"amp":{"amp":0.02},"phase":{"phase":0.02},"durationofE":{"durationofE":0.02}},"name":"covariance"},{"name":"summary","data":{"id":0,"log_ltp":null,"AICc":78756.956240880696,"n_parameters":10,"AIC":78756.753475903737,"DIC":78736.753475903737,"log_likelihood":-39368.376737951869,"sum_squares":null,"n_data":1096}}]}
