{"resources": [{"data": {"life": 20661.431928549824, "r0": 18.426184466160166, "I": 66.55619129125364, "rep": 0.44576976616156427, "S": 421021.21864177083, "durationofI": 9.9494208039768655, "phase": 1.8768238536826529, "amp": 0.22645992948604887, "E": 180.17988207840511, "durationofE": 4.8087186420156272}, "name": "values"}, {"data": {"life": {"life": 0.02}, "E": {"E": 0.02}, "I": {"I": 0.02}, "rep": {"rep": 0.02}, "S": {"S": 0.02}, "durationofI": {"durationofI": 0.02}, "amp": {"amp": 0.02}, "phase": {"phase": 0.02}, "r0": {"r0": 0.02}, "durationofE": {"durationofE": 0.02}}, "name": "covariance"}]}