{"resources": [{"data": {"life": 16984.821826665426, "r0": 21.490909138914038, "I": 665.07659943410295, "rep": 0.40425874825500829, "S": 472623.86559625354, "durationofI": 17.489454773388744, "phase": -1.3116758315288566, "amp": 0.22520435111211071}, "name": "values"}, {"data": {"life": {"life": 0.02}, "r0": {"r0": 0.02}, "I": {"I": 0.02}, "rep": {"rep": 0.02}, "S": {"S": 0.02}, "durationofI": {"durationofI": 0.02}, "phase": {"phase": 0.02}, "amp": {"amp": 0.02}}, "name": "covariance"}]}