{"resources":[{"data":{"rep":0.34431802975937165,"life":28759.225466354252,"r0":21.38297388198464,"S":320816.44899520185,"I":236.20321041730239,"durationofI":4.253221366161795,"phase":3.0412513743724374,"amp":0.021311449155714656,"E":25.928535848439115,"durationofE":4.579288651672436},"name":"values"},{"data":{"r0":{"r0":0.02},"rep":{"rep":0.02},"life":{"life":0.02},"E":{"E":0.02},"S":{"S":0.02},"I":{"I":0.02},"durationofI":{"durationofI":0.02},"phase":{"phase":0.02},"amp":{"amp":0.02},"durationofE":{"durationofE":0.02}},"name":"covariance"},{"name":"summary","data":{"id":0,"log_ltp":null,"AICc":81626.263882145591,"n_parameters":10,"AIC":81626.061117168632,"DIC":81606.061117168632,"log_likelihood":-40803.030558584316,"sum_squares":null,"n_data":1096}}]}
