{"resources":[{"name":"values","data":{"rep":0.4948124712579241,"life":21860.86094670853,"r0":16.449540352460399,"durationofI":13.725052479707584,"I":6.9275778791075355,"S":194705.97566399924}},{"name":"covariance","data":{"rep":{"rep":0.02},"life":{"life":0.02},"r0":{"r0":0.02},"I":{"I":0.02},"S":{"S":0.02},"durationofI":{"durationofI":0.02}}},{"name":"summary","data":{"id":0,"log_ltp":null,"AICc":72332.907161243857,"n_parameters":6,"AIC":72332.830026257638,"DIC":72320.830026257638,"log_likelihood":-36160.415013128819,"sum_squares":null,"n_data":1096}}]}
