{"resources": [{"data": {"life": 21673.115524593482, "r0": 15.077439702244414, "I": 425.97452032219519, "rep": 0.8112077240987825, "S": 288475.81912280974, "durationofI": 8.9112360704247067, "phase": 3.1376155264178549, "amp": 0.29631196210943511, "E": 444.04976317550489, "durationofE": 5.441021914714562}, "name": "values"}, {"data": {"life": {"life": 0.02}, "E": {"E": 0.02}, "I": {"I": 0.02}, "rep": {"rep": 0.02}, "S": {"S": 0.02}, "durationofI": {"durationofI": 0.02}, "amp": {"amp": 0.02}, "phase": {"phase": 0.02}, "r0": {"r0": 0.02}, "durationofE": {"durationofE": 0.02}}, "name": "covariance"}]}