{"resources": [{"data": {"life": 22262.986827488188, "r0": 14.956461227568958, "I": 62.850220289383579, "rep": 0.83625268424526911, "S": 94049.680485730263, "durationofI": 9.7745216907524011, "phase": 2.7741306407665278, "amp": 0.070887996083532537, "E": 454.67840839435996, "durationofE": 4.2722501909700545}, "name": "values"}, {"data": {"life": {"life": 0.02}, "E": {"E": 0.02}, "I": {"I": 0.02}, "rep": {"rep": 0.02}, "S": {"S": 0.02}, "durationofI": {"durationofI": 0.02}, "amp": {"amp": 0.02}, "phase": {"phase": 0.02}, "r0": {"r0": 0.02}, "durationofE": {"durationofE": 0.02}}, "name": "covariance"}]}