{"resources": [{"data": {"life": 28679.556133725349, "r0": 21.558887685693293, "I": 226.11407941749087, "rep": 0.35836938564626442, "S": 318525.98640551971, "durationofI": 4.2314793243448214, "phase": 3.0364559325513021, "amp": 0.023825781194229671, "E": 21.50217676968116, "durationofE": 4.5418505391730584}, "name": "values"}, {"data": {"life": {"life": 0.02}, "E": {"E": 0.02}, "I": {"I": 0.02}, "rep": {"rep": 0.02}, "S": {"S": 0.02}, "durationofI": {"durationofI": 0.02}, "r0": {"r0": 0.02}, "phase": {"phase": 0.02}, "amp": {"amp": 0.02}, "durationofE": {"durationofE": 0.02}}, "name": "covariance"}]}