{"resources": [{"data": {"life": 17477.313988380516, "r0": 23.754275717616242, "I": 2406.5749586612947, "rep": 0.8104178778138813, "S": 356546.38026961632, "durationofI": 7.1151768009775083, "phase": -0.10125979599039048, "amp": 0.3688979914278897}, "name": "values"}, {"data": {"life": {"life": 0.02}, "r0": {"r0": 0.02}, "I": {"I": 0.02}, "rep": {"rep": 0.02}, "S": {"S": 0.02}, "durationofI": {"durationofI": 0.02}, "phase": {"phase": 0.02}, "amp": {"amp": 0.02}}, "name": "covariance"}]}